{
    "SCREEN": {
        "SIZE": [
            1920,
            1080
        ]
    },
    "MOUSE": {
        "SWITCH_KEY": "KEY_GRAVE",
        "POS": [
            1060,
            540
        ],
        "SPEED": [
            1,
            1
        ]
    },
    "WHEEL": {
        "POS": [
            1904,
            956
        ],
        "RANGE": 88,
        "WASD": [
            "KEY_W",
            "KEY_A",
            "KEY_S",
            "KEY_D"
        ]
    },
    "KEY_MAPS": {
        "KEY_C": {
            "TYPE": "PRESS",
            "POS": [
                24,
                18
            ]
        },
        "KEY_LEFTALT": {
            "TYPE": "PRESS",
            "POS": [
                1891,
                26
            ]
        },
        "KEY_LEFTCTRL": {
            "TYPE": "PRESS",
            "POS": [
                44,
                914
            ]
        },
        "KEY_LEFTSHIFT": {
            "TYPE": "PRESS",
            "POS": [
                1880,
                925
            ]
        }
    }
}