{
    "": "KEY_RESERVED",
    "escape": "KEY_ESC",
    "1": "KEY_1",
    "2": "KEY_2",
    "3": "KEY_3",
    "4": "KEY_4",
    "5": "KEY_5",
    "6": "KEY_6",
    "7": "KEY_7",
    "-": "KEY_MINUS",
    "=": "KEY_EQUAL",
    "backspace": "KEY_BACKSPACE",
    "tab": "KEY_TAB",
    "q": "KEY_Q",
    "w": "KEY_W",
    "e": "KEY_E",
    "r": "KEY_R",
    "t": "KEY_T",
    "y": "KEY_Y",
    "u": "KEY_U",
    "i": "KEY_I",
    "o": "KEY_O",
    "p": "KEY_P",
    "[": "KEY_LEFTBRACE",
    "]": "KEY_RIGHTBRACE",
    "enter": "KEY_ENTER",
    "control": "KEY_LEFTCTRL",
    "a": "KEY_A",
    "s": "KEY_S",
    "d": "KEY_D",
    "f": "KEY_F",
    "g": "KEY_G",
    "h": "KEY_H",
    "j": "KEY_J",
    "k": "KEY_K",
    "l": "KEY_L",
    ";": "KEY_SEMICOLON",
    "'": "KEY_APOSTROPHE",
    "`": "KEY_GRAVE",
    "shift": "KEY_LEFTSHIFT",
    "/": "KEY_BACKSLASH",
    "z": "KEY_Z",
    "x": "KEY_X",
    "c": "KEY_C",
    "v": "KEY_V",
    "b": "KEY_B",
    "n": "KEY_N",
    "m": "KEY_M",
    ",": "KEY_COMMA",
    ".": "KEY_DOT",
    "\\": "KEY_SLASH",
    "alt": "KEY_LEFTALT",
    " ": "KEY_SPACE",
    "capslock": "KEY_CAPSLOCK",
    "f1": "KEY_F1",
    "f2": "KEY_F2",
    "f3": "KEY_F3",
    "f4": "KEY_F4",
    "f5": "KEY_F5",
    "f6": "KEY_F6",
    "f7": "KEY_F7",
    "f8": "KEY_F8",
    "f9": "KEY_F9",
    "f10": "KEY_F10",
    "numlock": "KEY_NUMLOCK",
    "scrolllock": "KEY_SCROLLLOCK",
    "f11": "KEY_F11",
    "f12": "KEY_F12",
    "home": "KEY_HOME",
    "arrowup": "KEY_UP",
    "pageup": "KEY_PAGEUP",
    "arrowleft": "KEY_LEFT",
    "arrowright": "KEY_RIGHT",
    "end": "KEY_END",
    "arrowdown": "KEY_DOWN",
    "pagedown": "KEY_PAGEDOWN",
    "insert": "KEY_INSERT",
    "delete": "KEY_DELETE",
    "8": "BTN_LEFT",
    "9": "BTN_MIDDLE",
    "0": "BTN_RIGHT",
    "BTN_A": "BTN_A",
    "BTN_B": "BTN_B",
    "BTN_X": "BTN_X",
    "BTN_Y": "BTN_Y",
    "BTN_LT": "BTN_LT",
    "BTN_RT": "BTN_RT",
    "BTN_RB": "BTN_RB",
    "BTN_LB": "BTN_LB",
    "BTN_LS": "BTN_LS",
    "BTN_RS": "BTN_RS",
    "BTN_START": "BTN_START",
    "BTN_SELECT": "BTN_SELECT",
    "BTN_HOME": "BTN_HOME",
    "BTN_DPAD_UP": "BTN_DPAD_UP",
    "BTN_DPAD_DOWN": "BTN_DPAD_DOWN",
    "BTN_DPAD_LEFT": "BTN_DPAD_LEFT",
    "BTN_DPAD_RIGHT": "BTN_DPAD_RIGHT"
}